MT-HV2,57,372,316,CR:HVS2/HV2,Hypervariable segment 2 [classic:73-340 ]
MT-OHR,110,441,332,CR:OH,H-strand origin
MT-CSB1,213,235,23,CR:CSB1,Conserved sequence block 1
MT-TFX,233,260,28,CR:TFX,mtTF1 binding site
MT-TFY,276,303,28,CR:TFY,mtTF1 binding site
MT-CSB2,299,315,17,CR:CSB2,Conserved sequence block 2
MT-HPR,317,321,5,CR:HPR,replication primer
MT-CSB3,346,363,18,CR:CSB3,Conserved sequence block 3
MT-4H,371,379,9,CR:mt4H,mt4 H-strand control element
MT-3H,384,391,8,CR:mt3H,mt3 H-strand control element
MT-LSP,392,445,54,CR:PL,L-strand promoter
MT-TFL,418,445,28,CR:mtTF1,mtTF1 binding site
MT-HV3,438,574,137,CR:HVS3/HV3,Hypervariable segment 3
MT-TFH,523,550,28,CR:TFH,mtTF1 binding site
MT-HSP1,545,567,23,CR:PH1,Major H-strand promoter
MT-TF,577,647,71,F,tRNA phenylalanine
MT-HSP2,645,645,1,PH2,Minor H-strand promoter
MT-RNR1,648,1601,954,12S,12S ribosomal RNA
MT-TV,1602,1670,69,V,tRNA valine
MT-RNR2,1671,3229,1559,16S,16S ribosomal RNA
MT-RNR3,3206,3229,24,-,5S-like sequence
MT-TER,3229,3256,28,-,Transcription terminator
MT-TL1,3230,3304,75,L(UUA/G),tRNA leucine 1
MT-NC1,3305,3306,2,NC1,non-coding nucleotides
MT-ND1,3307,4262,956,ND1,NADH Dehydrogenase subunit 1
MT-TI,4263,4331,69,I,tRNA isoleucine
MT-TQ,4329,4400,72,Q,tRNA glutamine
MT-NC2,4401,4401,1,NC2,non-coding nucleotides
MT-TM,4402,4469,68,M,tRNA methionine
MT-ND2,4470,5511,1042,ND2,NADH dehydrogenase subunit 2
MT-TW,5512,5579,68,W,tRNA tryptophan
MT-NC3,5580,5586,7,NC3,non-coding nucleotides
MT-TA,5587,5655,69,A,tRNA alanine
MT-NC4,5656,5656,1,NC4,non-coding nucleotides
MT-TN,5657,5729,73,N,tRNA asparagine
MT-OLR,5721,5798,78,OL,L-strand origin
MT-TC,5761,5826,66,C,tRNA cysteine
MT-TY,5826,5891,66,Y,tRNA tyrosine
MT-NC5,5892,5903,12,NC5,non-coding nucleotides
MT-CO1,5904,7445,1542,COI,Cytochrome c oxidase subunit I
MT-TS1,7446,7514,69,S(UCN),tRNA serine 1
MT-NC6,7515,7517,3,NC6,non-coding nucleotides
MT-TD,7518,7585,68,D,tRNA aspartic acid
MT-CO2,7586,8269,684,COII,Cytochrome c oxidase subunit II
MT-NC7,8270,8294,25,NC7,non-coding nucleotides
MT-TK,8295,8364,70,K,tRNA lysine
MT-NC8,8365,8365,1,NC8,non-coding nucleotide
MT-ATP8,8366,8572,207,ATPase8,ATP synthase F0 subunit 8
MT-ATP6,8527,9207,681,ATPase6,ATP synthase F0 subunit 6
MT-CO3,9207,9990,784,COIII,Cytochrome c oxidase subunit III
MT-TG,9991,10058,68,G,tRNA glycine
MT-ND3,10059,10404,346,ND3,NADH dehydrogenase subunit 3
MT-TR,10405,10469,65,R,tRNA arginine
MT-ND4L,10470,10766,297,ND4L,NADH dehydrogenase subunit 4L
MT-ND4,10760,12137,1378,ND4,NADH dehydrogenase subunit 4
MT-TH,12138,12206,69,H,tRNA histidine
MT-TS2,12207,12265,59,S(AGY),tRNA serine2
MT-TL2,12266,12336,71,L(CUN),tRNA leucine2
MT-ND5,12337,14148,1812,ND5,NADH dehydrogenase subunit 5
MT-ND6,14149,14673,525,ND6,NADH dehydrogenase subunit 6
MT-TE,14674,14742,69,E,tRNA glutamic acid
MT-NC9,14743,14746,4,NC9,non-coding nucleotides
MT-CYB,14747,15887,1141,Cytb,Cytochrome b
MT-TT,15888,15953,66,T,tRNA threonine
MT-ATT,15925,499,1144,ATT,membrane attachment site
MT-NC10,15954,15955,2,NC10,non-coding nucleotides
MT-TP,15956,16023,68,P,tRNA proline
MT-DLOOP,16024,576,1122,Control Region,Control Region, including Displacement loop
MT-HV1,16024,16383,360,CR:HVS1/HV1,Hypervariable segment 1 [classic:16024-16365]
MT-7SDNA,16106,191,655,CR:7Slike,7S DNA
MT-TAS,16157,16172,16,CR:TAS,termination-associated sequence
MT-5,16194,16208,15,CR:mt5,control element
MT-3L,16499,16506,8,CR:mt3L,L-strand control element
